{"loss": 0.028961127623915672, "_timestamp": 1695632496.8289576, "_runtime": 508.77570366859436, "_step": 373, "output": {"_type": "image-file", "sha256": "31f3b39e1216aec70eb904195a7457efc1ee30f4d49696affe39d4db02180c65", "size": 94931, "path": "media/images/output_373_31f3b39e1216aec70eb9.png", "format": "png", "width": 1280, "height": 720}, "frame": 62, "_wandb": {"runtime": 499}}